{
  "dist": [
    [
      -0.23764081634743595,
      -0.08537169095506751,
      -0.0007909938206451203,
      -0.00011565939384572914,
      0.10567388163949283
    ]
  ],
  "matrix": [
    [
      1156.9358110181613,
      0.0,
      665.9507822177709
    ],
    [
      0.0,
      1152.1333626858889,
      388.7840601047345
    ],
    [
      0.0,
      0.0,
      1.0
    ]
  ],
  "ret": 0.8457749707503327,
  "rvecs": [
    [
      [
        0.5134266895198444
      ],
      [
        -0.21553912338285655
      ],
      [
        0.028072412067384523
      ]
    ],
    [
      [
        0.03716101964822164
      ],
      [
        0.45959435935860804
      ],
      [
        0.0065820210977791845
      ]
    ],
    [
      [
        0.03581168847009168
      ],
      [
        0.6480242230445367
      ],
      [
        0.010200358509716729
      ]
    ],
    [
      [
        -0.3275429682823706
      ],
      [
        0.6618295488691286
      ],
      [
        -0.4149821822094304
      ]
    ],
    [
      [
        0.058583612075270616
      ],
      [
        -0.5150283692569536
      ],
      [
        -0.005201938295964015
      ]
    ],
    [
      [
        -0.020215982656015576
      ],
      [
        -0.4848299278697099
      ],
      [
        0.018526443872764198
      ]
    ],
    [
      [
        0.04403583668071871
      ],
      [
        -0.4608868983764855
      ],
      [
        -0.05739202472072742
      ]
    ],
    [
      [
        0.21950217613829973
      ],
      [
        -0.06364652697672732
      ],
      [
        0.011733101972133897
      ]
    ],
    [
      [
        0.1755444375473627
      ],
      [
        -0.056665431250242655
      ],
      [
        -0.0016562668118819898
      ]
    ],
    [
      [
        0.08891482910063715
      ],
      [
        0.3863948253670342
      ],
      [
        0.05540579137843858
      ]
    ],
    [
      [
        0.6354817274435784
      ],
      [
        -0.046767847367669875
      ],
      [
        0.01693373783807805
      ]
    ],
    [
      [
        -0.019590550702192178
      ],
      [
        0.3849969315915615
      ],
      [
        -0.003286694808979133
      ]
    ],
    [
      [
        -0.44755177986536904
      ],
      [
        -0.06303677867069891
      ],
      [
        -0.018320523232244385
      ]
    ],
    [
      [
        0.02311088365211693
      ],
      [
        0.02538761800781279
      ],
      [
        -0.00571557220885486
      ]
    ],
    [
      [
        0.02150015549362983
      ],
      [
        0.6405537108898789
      ],
      [
        0.009611328643578887
      ]
    ],
    [
      [
        0.029940977076066168
      ],
      [
        -0.7028988528520173
      ],
      [
        -0.019068880811876205
      ]
    ],
    [
      [
        -0.1922512429152466
      ],
      [
        -0.7581851433188971
      ],
      [
        0.12062439701318312
      ]
    ]
  ],
  "tvecs": [
    [
      [
        -2.0607381006865557
      ],
      [
        -0.7628018346754989
      ],
      [
        19.60126148581228
      ]
    ],
    [
      [
        -16.90717460671619
      ],
      [
        -3.557298417282017
      ],
      [
        32.03375194744047
      ]
    ],
    [
      [
        -0.154944920566255
      ],
      [
        -3.515447407249956
      ],
      [
        21.890439270877366
      ]
    ],
    [
      [
        -5.983193353076854
      ],
      [
        -1.6189438096761397
      ],
      [
        26.681753541421045
      ]
    ],
    [
      [
        5.430592118000423
      ],
      [
        -4.493217717114282
      ],
      [
        20.776526911943293
      ]
    ],
    [
      [
        4.531387425491085
      ],
      [
        -1.5079572476856637
      ],
      [
        19.947138235663687
      ]
    ],
    [
      [
        4.935950830749996
      ],
      [
        -5.087685052306449
      ],
      [
        19.7511305063069
      ]
    ],
    [
      [
        -3.9287779051521383
      ],
      [
        -1.3543632569250215
      ],
      [
        17.031625149370157
      ]
    ],
    [
      [
        -3.589705253192589
      ],
      [
        -4.165597354941062
      ],
      [
        17.799687428027397
      ]
    ],
    [
      [
        -12.955143569761486
      ],
      [
        -5.638873841328486
      ],
      [
        23.725551793026508
      ]
    ],
    [
      [
        -3.8029467783891153
      ],
      [
        -1.6195585622211242
      ],
      [
        7.971556372866267
      ]
    ],
    [
      [
        -13.362439964052108
      ],
      [
        -0.5312975984464398
      ],
      [
        24.539095428235818
      ]
    ],
    [
      [
        -4.367296301729693
      ],
      [
        -3.077910034839027
      ],
      [
        10.725104578277739
      ]
    ],
    [
      [
        -4.881278787073287
      ],
      [
        -3.9188290927215634
      ],
      [
        30.475075335211024
      ]
    ],
    [
      [
        -9.541715825913277
      ],
      [
        -3.3461167930609435
      ],
      [
        32.139809300032375
      ]
    ],
    [
      [
        0.7678632183884494
      ],
      [
        -2.9539750933609557
      ],
      [
        19.590184231978206
      ]
    ],
    [
      [
        -0.8091682819512149
      ],
      [
        -4.622600395590619
      ],
      [
        21.712932270139905
      ]
    ]
  ]
}